Salary Range,Experience Level,Job Type,Date Posted
"£40,000 - £60,000",Entry-Level,Full-Time,01-05-23
"£35,000 - £50,000",Junior,Full-Time,02-10-23
"£45,000 - £70,000",Mid-Level,Full-Time,03-15-23
"£60,000 - £90,000",Senior,Full-Time,04-20-23
"£50,000 - £80,000",Mid-Level,Full-Time,05-25-23
"£70,000 - £100,000",Senior,Full-Time,06-30-23
"£55,000 - £85,000",Mid-Level,Full-Time,07-05-23
"£50,000 - £75,000",Mid-Level,Full-Time,08-10-23
"£30,000 - £45,000",Entry-Level,Full-Time,09-15-23
"£40,000 - £70,000",Junior,Full-Time,10-20-23
"£40,000 - £65,000",Mid-Level,Full-Time,11-25-23
"£35,000 - £55,000",Junior,Full-Time,12-10-23
"£45,000 - £70,000",Mid-Level,Full-Time,01-15-23
"£55,000 - £85,000",Mid-Level,Full-Time,02-20-23
"£50,000 - £80,000",Mid-Level,Full-Time,03-25-23
"£55,000 - £90,000",Mid-Level,Full-Time,04-30-23
"£30,000 - £50,000",Entry-Level,Full-Time,05-05-23
"£65,000 - £100,000",Senior,Full-Time,06-10-23
"£60,000 - £90,000",Senior,Full-Time,07-15-23
"£40,000 - £75,000",Mid-Level,Full-Time,08-20-23
"£45,000 - £80,000",Mid-Level,Full-Time,09-25-23
"£25,000 - £40,000",Entry-Level,Full-Time,10-30-23
"£60,000 - £95,000",Mid-Level,Full-Time,11-05-23
"£50,000 - £85,000",Mid-Level,Full-Time,12-10-23
"£35,000 - £60,000",Junior,Full-Time,01-15-23
"£65,000 - £100,000",Mid-Level,Full-Time,02-20-23
"£50,000 - £80,000",Mid-Level,Full-Time,03-25-23
"£45,000 - £75,000",Mid-Level,Full-Time,04-30-23
"£55,000 - £90,000",Mid-Level,Full-Time,05-05-23
"£50,000 - £80,000",Mid-Level,Full-Time,06-10-23
"£40,000 - £70,000",Junior,Full-Time,07-15-23
"£70,000 - £110,000",Senior,Full-Time,08-20-23
"£55,000 - £85,000",Mid-Level,Full-Time,09-25-23
"£75,000 - £120,000",Senior,Full-Time,10-30-23
"£45,000 - £75,000",Mid-Level,Full-Time,11-05-23
"£50,000 - £90,000",Mid-Level,Full-Time,12-10-23
"£70,000 - £110,000",Senior,Full-Time,01-15-23
"£60,000 - £95,000",Mid-Level,Full-Time,02-20-23
"£55,000 - £90,000",Mid-Level,Full-Time,03-25-23
"£50,000 - £85,000",Mid-Level,Full-Time,04-30-23
"£30,000 - £50,000",Entry-Level,Full-Time,05-05-23
"£60,000 - £100,000",Mid-Level,Full-Time,06-10-23
"£35,000 - £55,000",Junior,Full-Time,07-15-23
"£70,000 - £110,000",Senior,Full-Time,08-20-23
"£40,000 - £70,000",Mid-Level,Full-Time,09-25-23
"£45,000 - £75,000",Mid-Level,Full-Time,10-30-23
"£65,000 - £100,000",Senior,Full-Time,11-05-23
"£55,000 - £90,000",Mid-Level,Full-Time,12-10-23
"£50,000 - £85,000",Mid-Level,Full-Time,01-15-23
"£45,000 - £75,000",Mid-Level,Full-Time,02-20-23
"£60,000 - £100,000",Senior,Full-Time,03-25-23
"£30,000 - £50,000",Entry-Level,Full-Time,04-30-23
"£45,000 - £75,000",Mid-Level,Full-Time,05-05-23
"£70,000 - £110,000",Senior,Full-Time,06-10-23
"£55,000 - £90,000",Mid-Level,Full-Time,07-15-23
"£50,000 - £85,000",Mid-Level,Full-Time,08-20-23
"£40,000 - £70,000",Mid-Level,Full-Time,09-25-23
"£60,000 - £100,000",Mid-Level,Full-Time,10-30-23
"£55,000 - £90,000",Mid-Level,Full-Time,11-05-23
"£50,000 - £85,000",Mid-Level,Full-Time,12-10-23
"£20,000 - £30,000",Internship,Full-Time,01-15-23
"£40,000 - £70,000",Junior,Full-Time,02-20-23
"£55,000 - £90,000",Mid-Level,Full-Time,03-25-23
"£45,000 - £75,000",Mid-Level,Full-Time,04-30-23
"£25,000 - £35,000",Entry-Level,Full-Time,05-05-23
"£30,000 - £45,000",Entry-Level,Full-Time,06-10-23
"£50,000 - £85,000",Mid-Level,Full-Time,07-15-23
"£20,000 - £30,000",Internship,Full-Time,08-20-23
"£25,000 - £35,000",Entry-Level,Full-Time,09-25-23
"£20,000 - £30,000",Internship,Full-Time,10-30-23
"£55,000 - £85,000",Mid-Level,Full-Time,01-05-23
"£50,000 - £80,000",Mid-Level,Full-Time,02-10-23
"£40,000 - £65,000",Junior,Full-Time,03-15-23
"£60,000 - £90,000",Senior,Full-Time,04-20-23
"£50,000 - £80,000",Mid-Level,Full-Time,05-25-23
"£70,000 - £100,000",Senior,Full-Time,06-30-23
"£55,000 - £85,000",Mid-Level,Full-Time,07-05-23
"£50,000 - £75,000",Mid-Level,Full-Time,08-10-23
"£30,000 - £45,000",Entry-Level,Full-Time,09-15-23
"£40,000 - £70,000",Junior,Full-Time,10-20-23
"£40,000 - £65,000",Mid-Level,Full-Time,11-25-23
"£35,000 - £55,000",Junior,Full-Time,12-10-23
"£45,000 - £70,000",Mid-Level,Full-Time,12-15-23
"£55,000 - £85,000",Mid-Level,Full-Time,12-20-23
"£50,000 - £80,000",Mid-Level,Full-Time,12-25-23
"£55,000 - £90,000",Mid-Level,Full-Time,12-30-23
"£30,000 - £50,000",Entry-Level,Full-Time,12-31-23
"£60,000 - £90,000",Senior,Full-Time,12-10-23
"£60,000 - £90,000",Senior,Full-Time,12-15-23
"£40,000 - £75,000",Mid-Level,Full-Time,12-20-23
"£45,000 - £80,000",Mid-Level,Full-Time,12-25-23
"£25,000 - £40,000",Entry-Level,Full-Time,12-30-23
"£60,000 - £95,000",Mid-Level,Full-Time,12-31-23
"£50,000 - £85,000",Mid-Level,Full-Time,01-05-22
"£35,000 - £60,000",Junior,Full-Time,02-10-22
"£65,000 - £100,000",Mid-Level,Full-Time,03-15-22
"£50,000 - £80,000",Mid-Level,Full-Time,04-20-22
"£45,000 - £75,000",Mid-Level,Full-Time,05-25-22
"£55,000 - £90,000",Mid-Level,Full-Time,06-30-22
"£50,000 - £80,000",Mid-Level,Full-Time,07-05-22
"£40,000 - £70,000",Junior,Full-Time,08-10-22
"£70,000 - £110,000",Senior,Full-Time,09-15-22
"£55,000 - £85,000",Mid-Level,Full-Time,10-20-22
"£75,000 - £120,000",Senior,Full-Time,11-25-22
"£45,000 - £75,000",Mid-Level,Full-Time,12-10-22
"£50,000 - £90,000",Mid-Level,Full-Time,12-15-22
"£70,000 - £110,000",Senior,Full-Time,12-20-22
"£60,000 - £95,000",Mid-Level,Full-Time,12-25-22
"£55,000 - £90,000",Mid-Level,Full-Time,12-30-22
"£50,000 - £85,000",Mid-Level,Full-Time,12-31-22
"£30,000 - £50,000",Entry-Level,Full-Time,12-10-23
"£60,000 - £100,000",Mid-Level,Full-Time,12-15-23
"£35,000 - £55,000",Junior,Full-Time,12-20-23
"£70,000 - £110,000",Senior,Full-Time,12-25-23
"£40,000 - £70,000",Mid-Level,Full-Time,12-30-23
"£45,000 - £75,000",Mid-Level,Full-Time,12-31-23
"£65,000 - £100,000",Senior,Full-Time,01-05-22
"£55,000 - £90,000",Mid-Level,Full-Time,02-10-22
"£50,000 - £85,000",Mid-Level,Full-Time,03-15-22
"£45,000 - £75,000",Mid-Level,Full-Time,04-20-22
"£50,000 - £80,000",Mid-Level,Full-Time,01-05-22
"£40,000 - £65,000",Junior,Full-Time,02-10-22
"£45,000 - £75,000",Mid-Level,Full-Time,03-15-22
"£60,000 - £90,000",Senior,Full-Time,04-20-22
"£50,000 - £80,000",Mid-Level,Full-Time,05-25-22
"£70,000 - £100,000",Senior,Full-Time,06-30-22
"£55,000 - £85,000",Mid-Level,Full-Time,07-05-22
"£50,000 - £75,000",Mid-Level,Full-Time,08-10-22
"£30,000 - £45,000",Entry-Level,Full-Time,09-15-22
"£40,000 - £70,000",Junior,Full-Time,10-20-22
"£40,000 - £65,000",Mid-Level,Full-Time,11-25-22
"£35,000 - £55,000",Junior,Full-Time,12-10-22
"£45,000 - £70,000",Mid-Level,Full-Time,12-15-22
"£55,000 - £85,000",Mid-Level,Full-Time,12-20-22
"£50,000 - £80,000",Mid-Level,Full-Time,12-25-22
"£55,000 - £90,000",Mid-Level,Full-Time,12-30-22
"£30,000 - £50,000",Entry-Level,Full-Time,05-25-22
"£60,000 - £90,000",Senior,Full-Time,06-30-22
"£60,000 - £90,000",Senior,Full-Time,07-05-22
"£40,000 - £75,000",Mid-Level,Full-Time,08-10-22
"£45,000 - £80,000",Mid-Level,Full-Time,09-15-22
"£25,000 - £40,000",Entry-Level,Full-Time,10-20-22
"£60,000 - £95,000",Mid-Level,Full-Time,11-25-22
"£50,000 - £85,000",Mid-Level,Full-Time,12-10-22
"£35,000 - £60,000",Junior,Full-Time,12-15-22
"£65,000 - £100,000",Mid-Level,Full-Time,12-20-22
"£50,000 - £80,000",Mid-Level,Full-Time,12-25-22
"£45,000 - £75,000",Mid-Level,Full-Time,12-30-22
"£55,000 - £90,000",Mid-Level,Full-Time,01-01-23
"£50,000 - £80,000",Mid-Level,Full-Time,01-02-23
"£40,000 - £70,000",Junior,Full-Time,01-03-23
"£70,000 - £110,000",Senior,Full-Time,01-04-23
"£55,000 - £85,000",Mid-Level,Full-Time,01-05-23
"£75,000 - £120,000",Senior,Full-Time,01-06-23
"£45,000 - £75,000",Mid-Level,Full-Time,01-07-23
"£50,000 - £90,000",Mid-Level,Full-Time,01-08-23
"£70,000 - £110,000",Senior,Full-Time,01-09-23
"£60,000 - £95,000",Mid-Level,Full-Time,01-10-23
"£55,000 - £90,000",Mid-Level,Full-Time,01-11-23
"£50,000 - £85,000",Mid-Level,Full-Time,01-12-23
"£30,000 - £50,000",Entry-Level,Full-Time,01-13-23
"£60,000 - £100,000",Mid-Level,Full-Time,01-14-23
"£35,000 - £55,000",Junior,Full-Time,01-15-23
"£70,000 - £110,000",Senior,Full-Time,01-16-23
"£40,000 - £70,000",Mid-Level,Full-Time,01-17-23
"£45,000 - £75,000",Mid-Level,Full-Time,01-18-23
"£65,000 - £100,000",Senior,Full-Time,01-19-23
"£55,000 - £90,000",Mid-Level,Full-Time,01-20-23
"£50,000 - £85,000",Mid-Level,Full-Time,01-21-23
"£45,000 - £75,000",Mid-Level,Full-Time,01-22-23
"£45,000 - £75,000",Mid-Level,Full-Time,03-15-21
"£40,000 - £70,000",Junior,Full-Time,04-20-21
"£50,000 - £80,000",Mid-Level,Full-Time,06-10-21
"£60,000 - £95,000",Senior,Full-Time,08-25-21
"£55,000 - £90,000",Mid-Level,Full-Time,10-05-21
"£70,000 - £110,000",Senior,Full-Time,11-15-21
"£65,000 - £100,000",Mid-Level,Full-Time,12-20-21
"£40,000 - £70,000",Junior,Full-Time,02-10-21
"£50,000 - £85,000",Mid-Level,Full-Time,03-20-21
"£45,000 - £75,000",Junior,Full-Time,04-15-21
"£55,000 - £90,000",Mid-Level,Full-Time,05-12-21
"£70,000 - £110,000",Senior,Full-Time,06-25-21
"£60,000 - £95,000",Mid-Level,Full-Time,07-18-21
"£75,000 - £120,000",Senior,Full-Time,08-30-21
"£65,000 - £100,000",Mid-Level,Full-Time,09-14-21
"£55,000 - £90,000",Mid-Level,Full-Time,10-22-21
"£80,000 - £130,000",Senior,Full-Time,11-09-21
"£50,000 - £85,000",Mid-Level,Full-Time,12-04-21
"£40,000 - £70,000",Junior,Full-Time,02-10-21
"£50,000 - £85,000",Mid-Level,Full-Time,03-20-21
"£45,000 - £75,000",Junior,Full-Time,04-15-21
"£55,000 - £90,000",Mid-Level,Full-Time,05-12-21
"£70,000 - £110,000",Senior,Full-Time,06-25-21
"£60,000 - £95,000",Mid-Level,Full-Time,07-18-21
"£75,000 - £120,000",Senior,Full-Time,08-30-21
"£65,000 - £100,000",Mid-Level,Full-Time,09-14-21
"£55,000 - £90,000",Mid-Level,Full-Time,10-22-21
"£80,000 - £130,000",Senior,Full-Time,11-09-21
"£50,000 - £85,000",Mid-Level,Full-Time,12-04-21
"£42,000 - £72,000",Junior,Full-Time,02-28-21
"£55,000 - £90,000",Mid-Level,Full-Time,03-25-21
"£50,000 - £85,000",Mid-Level,Full-Time,04-19-21
"£45,000 - £75,000",Junior,Full-Time,05-15-21
"£75,000 - £120,000",Senior,Full-Time,06-30-21
"£40,000 - £70,000",Junior,Full-Time,07-22-21
"£50,000 - £85,000",Mid-Level,Full-Time,08-17-21
"£60,000 - £95,000",Mid-Level,Full-Time,09-09-21
"£45,000 - £75,000",Mid-Level,Full-Time,10-02-21
"£70,000 - £110,000",Mid-Level,Full-Time,11-27-21
"£55,000 - £90,000",Mid-Level,Full-Time,12-22-21
"£35,000 - £60,000",Junior,Full-Time,02-15-21
"£70,000 - £110,000",Mid-Level,Full-Time,03-12-21
"£55,000 - £90,000",Mid-Level,Full-Time,04-05-21
"£48,000 - £80,000",Junior,Full-Time,05-01-21
"£65,000 - £100,000",Mid-Level,Full-Time,06-18-21
"£50,000 - £85,000",Mid-Level,Full-Time,07-14-21
"£45,000 - £75,000",Junior,Full-Time,08-09-21
"£80,000 - £130,000",Senior,Full-Time,09-04-21
"£60,000 - £95,000",Mid-Level,Full-Time,10-30-21
"£90,000 - £140,000",Senior,Full-Time,11-25-21
"£55,000 - £90,000",Mid-Level,Full-Time,12-20-21
"£70,000 - £110,000",Mid-Level,Full-Time,02-22-21
"£75,000 - £120,000",Senior,Full-Time,03-19-21
"£65,000 - £100,000",Mid-Level,Full-Time,04-14-21
"£55,000 - £90,000",Mid-Level,Full-Time,05-11-21
"£60,000 - £95,000",Mid-Level,Full-Time,06-06-21
"£40,000 - £70,000",Junior,Full-Time,07-01-21
"£75,000 - £120,000",Senior,Full-Time,08-27-21
"£45,000 - £75,000",Mid-Level,Full-Time,09-22-21
"£80,000 - £130,000",Senior,Full-Time,10-18-21
"£50,000 - £85,000",Mid-Level,Full-Time,11-13-21
"£70,000 - £110,000",Mid-Level,Full-Time,12-09-21
"£40,000 - £70,000",Junior,Full-Time,02-10-21
"£50,000 - £85,000",Mid-Level,Full-Time,03-20-21
"£45,000 - £75,000",Junior,Full-Time,04-15-21
"£55,000 - £90,000",Mid-Level,Full-Time,05-12-21
"£70,000 - £110,000",Senior,Full-Time,06-25-21
"£60,000 - £95,000",Mid-Level,Full-Time,07-18-21
"£75,000 - £120,000",Senior,Full-Time,08-30-21
"£65,000 - £100,000",Mid-Level,Full-Time,09-14-21
"£55,000 - £90,000",Mid-Level,Full-Time,10-22-21
"£80,000 - £130,000",Senior,Full-Time,11-09-21
"£50,000 - £85,000",Mid-Level,Full-Time,12-04-21
"£42,000 - £72,000",Junior,Full-Time,02-28-21
"£55,000 - £90,000",Mid-Level,Full-Time,03-25-21
"£50,000 - £85,000",Mid-Level,Full-Time,04-19-21
"£45,000 - £75,000",Junior,Full-Time,05-15-21
"£75,000 - £120,000",Senior,Full-Time,06-30-21
"£40,000 - £70,000",Junior,Full-Time,07-22-21
"£50,000 - £85,000",Mid-Level,Full-Time,08-17-21
"£60,000 - £95,000",Mid-Level,Full-Time,09-09-21
"£45,000 - £75,000",Mid-Level,Full-Time,10-02-21
"£70,000 - £110,000",Mid-Level,Full-Time,11-27-21
"£55,000 - £90,000",Mid-Level,Full-Time,12-22-21
"£35,000 - £60,000",Junior,Full-Time,02-15-21
"£70,000 - £110,000",Mid-Level,Full-Time,03-12-21
"£55,000 - £90,000",Mid-Level,Full-Time,04-05-21
"£48,000 - £80,000",Junior,Full-Time,05-01-21
"£65,000 - £100,000",Mid-Level,Full-Time,06-18-21
"£50,000 - £85,000",Mid-Level,Full-Time,07-14-21
"£45,000 - £75,000",Junior,Full-Time,08-09-21
"£80,000 - £130,000",Senior,Full-Time,09-04-21
"£60,000 - £95,000",Mid-Level,Full-Time,10-30-21
"£90,000 - £140,000",Senior,Full-Time,11-25-21
"£55,000 - £90,000",Mid-Level,Full-Time,12-20-21
"£70,000 - £110,000",Mid-Level,Full-Time,02-22-21
"£75,000 - £120,000",Senior,Full-Time,03-19-21
"£65,000 - £100,000",Mid-Level,Full-Time,04-14-21
"£55,000 - £90,000",Mid-Level,Full-Time,05-11-21
"£60,000 - £95,000",Mid-Level,Full-Time,06-06-21
"£40,000 - £70,000",Junior,Full-Time,07-01-21
"£75,000 - £120,000",Senior,Full-Time,08-27-21
"£45,000 - £75,000",Mid-Level,Full-Time,09-22-21
"£80,000 - £130,000",Senior,Full-Time,10-18-21
"£50,000 - £85,000",Mid-Level,Full-Time,11-13-21
"£70,000 - £110,000",Mid-Level,Full-Time,12-09-21
"£40,000 - £70,000",Junior,Full-Time,01-10-20
"£50,000 - £85,000",Mid-Level,Full-Time,02-20-20
"£45,000 - £75,000",Junior,Full-Time,03-15-20
"£55,000 - £90,000",Mid-Level,Full-Time,04-12-20
"£70,000 - £110,000",Senior,Full-Time,05-25-20
"£60,000 - £95,000",Mid-Level,Full-Time,06-18-20
"£75,000 - £120,000",Senior,Full-Time,07-30-20
"£65,000 - £100,000",Mid-Level,Full-Time,08-14-20
"£55,000 - £90,000",Mid-Level,Full-Time,09-22-20
"£80,000 - £130,000",Senior,Full-Time,10-09-20
"£50,000 - £85,000",Mid-Level,Full-Time,11-04-20
"£42,000 - £72,000",Junior,Full-Time,01-28-20
"£55,000 - £90,000",Mid-Level,Full-Time,02-25-20
"£50,000 - £85,000",Mid-Level,Full-Time,03-19-20
"£45,000 - £75,000",Junior,Full-Time,04-15-20
"£75,000 - £120,000",Senior,Full-Time,05-30-20
"£40,000 - £70,000",Junior,Full-Time,06-22-20
"£50,000 - £85,000",Mid-Level,Full-Time,07-17-20
"£60,000 - £95,000",Mid-Level,Full-Time,08-09-20
"£45,000 - £75,000",Mid-Level,Full-Time,09-02-20
"£70,000 - £110,000",Mid-Level,Full-Time,10-27-20
"£55,000 - £90,000",Mid-Level,Full-Time,11-22-20
"£35,000 - £60,000",Junior,Full-Time,12-15-20
"£70,000 - £110,000",Mid-Level,Full-Time,01-12-20
"£55,000 - £90,000",Mid-Level,Full-Time,02-05-20
"£48,000 - £80,000",Junior,Full-Time,03-01-20
"£65,000 - £100,000",Mid-Level,Full-Time,04-18-20
"£50,000 - £85,000",Mid-Level,Full-Time,05-14-20
"£45,000 - £75,000",Junior,Full-Time,06-09-20
"£80,000 - £130,000",Senior,Full-Time,07-04-20
"£60,000 - £95,000",Mid-Level,Full-Time,08-30-20
"£90,000 - £140,000",Senior,Full-Time,09-25-20
"£55,000 - £90,000",Mid-Level,Full-Time,10-20-20
"£70,000 - £110,000",Mid-Level,Full-Time,11-22-20
"£75,000 - £120,000",Senior,Full-Time,12-17-20
"£65,000 - £100,000",Mid-Level,Full-Time,01-11-20
"£55,000 - £90,000",Mid-Level,Full-Time,02-06-20
"£60,000 - £95,000",Mid-Level,Full-Time,03-03-20
"£40,000 - £70,000",Junior,Full-Time,04-01-20
"£75,000 - £120,000",Senior,Full-Time,05-26-20
"£45,000 - £75,000",Mid-Level,Full-Time,06-21-20
"£80,000 - £130,000",Senior,Full-Time,07-16-20
"£50,000 - £85,000",Mid-Level,Full-Time,08-11-20
"£70,000 - £110,000",Mid-Level,Full-Time,09-06-20
"£40,000 - £70,000",Junior,Full-Time,01-10-19
"£50,000 - £85,000",Mid-Level,Full-Time,02-20-19
"£45,000 - £75,000",Junior,Full-Time,03-15-19
"£55,000 - £90,000",Mid-Level,Full-Time,04-12-19
"£70,000 - £110,000",Senior,Full-Time,05-25-19
"£60,000 - £95,000",Mid-Level,Full-Time,06-18-19
"£75,000 - £120,000",Senior,Full-Time,07-30-19
"£65,000 - £100,000",Mid-Level,Full-Time,08-14-19
"£55,000 - £90,000",Mid-Level,Full-Time,09-22-19
"£80,000 - £130,000",Senior,Full-Time,10-09-19
"£50,000 - £85,000",Mid-Level,Full-Time,11-04-19
"£42,000 - £72,000",Junior,Full-Time,01-28-19
"£55,000 - £90,000",Mid-Level,Full-Time,02-25-19
"£50,000 - £85,000",Mid-Level,Full-Time,03-19-19
"£45,000 - £75,000",Junior,Full-Time,04-15-19
"£75,000 - £120,000",Senior,Full-Time,05-30-19
"£40,000 - £70,000",Junior,Full-Time,06-22-19
"£50,000 - £85,000",Mid-Level,Full-Time,07-17-19
"£60,000 - £95,000",Mid-Level,Full-Time,08-09-19
"£45,000 - £75,000",Mid-Level,Full-Time,09-02-19
"£70,000 - £110,000",Mid-Level,Full-Time,10-27-19
"£55,000 - £90,000",Mid-Level,Full-Time,11-22-19
"£35,000 - £60,000",Junior,Full-Time,12-15-19
"£70,000 - £110,000",Mid-Level,Full-Time,01-12-19
"£55,000 - £90,000",Mid-Level,Full-Time,02-05-19
"£48,000 - £80,000",Junior,Full-Time,03-01-19
"£65,000 - £100,000",Mid-Level,Full-Time,04-18-19
"£50,000 - £85,000",Mid-Level,Full-Time,05-14-19
"£45,000 - £75,000",Junior,Full-Time,06-09-19
"£80,000 - £130,000",Senior,Full-Time,07-04-19
"£60,000 - £95,000",Mid-Level,Full-Time,08-30-19
"£90,000 - £140,000",Senior,Full-Time,09-25-19
"£55,000 - £90,000",Mid-Level,Full-Time,10-20-19
"£70,000 - £110,000",Mid-Level,Full-Time,11-22-19
"£75,000 - £120,000",Senior,Full-Time,12-17-19
"£65,000 - £100,000",Mid-Level,Full-Time,01-11-19
"£55,000 - £90,000",Mid-Level,Full-Time,02-06-19
"£60,000 - £95,000",Mid-Level,Full-Time,03-03-19
"£40,000 - £70,000",Junior,Full-Time,04-01-19
"£75,000 - £120,000",Senior,Full-Time,05-26-19
"£45,000 - £75,000",Mid-Level,Full-Time,06-21-19
"£80,000 - £130,000",Senior,Full-Time,07-16-19
"£50,000 - £85,000",Mid-Level,Full-Time,08-11-19
"£70,000 - £110,000",Mid-Level,Full-Time,09-06-19